{"cameraMode":{"drawMode":0,"name":"Shaded","section":"Shading Mode"},"sceneLighting":false,"audioPlay":false,"sceneViewState":{"m_AlwaysRefresh":false,"showFog":true,"showSkybox":false,"showFlares":true,"showImageEffects":true,"showParticleSystems":true,"showVisualEffectGraphs":true,"m_FxEnabled":true},"in2DMode":false,"pivot":{"x":2.8399999141693117,"y":0.23199999332427979,"z":1.3109999895095826},"rotation":{"x":0.1382378786802292,"y":-0.10674304515123368,"z":0.01498801726847887,"w":0.9845159649848938},"size":0.3060641586780548,"orthographic":false}